Manufacturer,Product_Name,Category,Type,Source_URL,Scraped_Date
Carlisle,EPDM,Roofing,EPDM,https://www.carlislesyntec.com/en/Roofing-Products/Membranes/EPDM,2025-12-27
Carlisle,FleeceBACK,Roofing,Fleece,https://www.carlislesyntec.com/en/Roofing-Products/Membranes/FleeceBACK,2025-12-27
Carlisle,Flashings & Accessories,Roofing,Flashing,https://www.carlislesyntec.com/en/Roofing-Products/Other-Components/Flashings-and-Accessories,2025-12-27
Carlisle,Plates & Fasteners,Roofing,Fastener,https://www.carlislesyntec.com/en/Roofing-Products/Other-Components/Plates-and-Fasteners,2025-12-27
Carlisle,Insulation,Roofing,Insulation,https://www.carlislesyntec.com/en/Roofing-Products/Other-Components/Insulation,2025-12-27
Carlisle,"Adhesives, Primers, Sealants",Roofing,Adhesive,https://www.carlislesyntec.com/en/Roofing-Products/Other-Components/Adhesives-Primers-Sealants,2025-12-27
Carlisle,Coatings,Roofing,Coating,https://www.carlislesyntec.com/en/Roofing-Products/Other-Components/Coatings,2025-12-27
Carlisle,Air and Vapor Barriers,Roofing,Vapor,https://www.carlislesyntec.com/en/Roofing-Products/Other-Components/Air-and-Vapor-Barriers,2025-12-27
Carlisle,GeoMembrane,Roofing,Membrane,https://www.carlislesyntec.com/en/Roofing-Products/Specialty/GeoMembrane,2025-12-27
Johns Manville,Insulation Systems,Roofing,Insulation,https://www.jm.com/en/documents/?q=business=Insulation Systems,2025-12-27
Johns Manville,Home Insulation,Roofing,Insulation,https://www.jm.com/en/homeowner-insulation,2025-12-27
Johns Manville,Insulation Calculator,Roofing,Insulation,https://www.jm.com/content/jm/global/en/index/insulation-calculator,2025-12-27
Johns Manville,Building Insulation,Roofing,Insulation,https://www.jm.com/en/building-insulation/,2025-12-27
Johns Manville,Mechanical Insulation,Roofing,Insulation,https://www.jm.com/en/insulation-systems/mechanical-insulation/,2025-12-27
Johns Manville,OEM Insulation,Roofing,Insulation,https://www.jm.com/en/oem/,2025-12-27
Johns Manville,HVAC Insulation,Roofing,Insulation,https://www.jm.com/content/jm/global/en/index/insulation-systems/hvac-insulation,2025-12-27
Johns Manville,Industrial Insulation,Roofing,Insulation,https://www.jm.com/content/jm/global/en/index/industrial-insulation,2025-12-27
Johns Manville,Calcium Silicate Insulation,Roofing,Insulation,https://www.jm.com/content/jm/global/en/index/industrial-insulation/calcium-silicate,2025-12-27
Johns Manville,Polyisocyanurate Insulation,Roofing,Insulation,https://www.jm.com/content/jm/global/en/index/industrial-insulation/polyisocyanurate-insulation,2025-12-27
Johns Manville,Vapor Retarder,Roofing,Vapor,https://www.jm.com/content/jm/global/en/index/industrial-insulation/vapor-retarder,2025-12-27
Johns Manville,TPO Roofing Systems,Roofing,TPO,https://www.jm.com/en/commercial-roofing/tpo-roofing-systems/,2025-12-27
Johns Manville,PVC Roofing Systems,Roofing,PVC,https://www.jm.com/en/commercial-roofing/pvc-roofing-systems/,2025-12-27
Johns Manville,EPDM Roofing Systems,Roofing,EPDM,https://www.jm.com/en/commercial-roofing/epdm-roofing-systems/,2025-12-27
Johns Manville,Liquid Applied Roofing Systems,Roofing,Liquid Applied,https://www.jm.com/en/commercial-roofing/liquid-applied-roofing-systems/,2025-12-27
Johns Manville,Roofing Insulation and Cover Boards,Roofing,Insulation,https://www.jm.com/en/commercial-roofing/roofing-insulation-and-cover--boards/,2025-12-27
Johns Manville,"Adhesives, Cements, and Primers",Roofing,Adhesive,https://www.jm.com/en/commercial-roofing/jm-adhesives-cements-cleaners-primers-sealants/,2025-12-27
Johns Manville,Fasteners and Plates,Roofing,Fastener,https://www.jm.com/en/commercial-roofing/fasteners-and-plates/,2025-12-27
Johns Manville,"Specs, Flashing Details & Assembly Plates",Roofing,Flashing,https://www.jm.com/en/commercial-roofing/specs-and-details/,2025-12-27
Johns Manville,Mineral and Foam Insulation,Roofing,Insulation,https://www.jm.com/content/jm/global/en/index/nonwovens/fiberglass-mat-facers-for-mineral-and-foam-insulation,2025-12-27
Johns Manville,The Source - Insulation Intel,Roofing,Insulation,https://www.jm.com/en/building-insulation/building-insulation-intel-library/,2025-12-27
Johns Manville,Insulation Locator,Roofing,Insulation,https://www.jm.com/content/jm/global/en/index/insulation-locator/,2025-12-27
SOPREMA,SBS-Modified Bitumen,Roofing,Modified Bitumen,https://www.soprema.us/products/market-segment/roofing/sbs-modified-bitumen,2025-12-27
SOPREMA,Liquid Applied Materials,Roofing,Liquid Applied,https://www.soprema.us/products/market-segment/roofing/liquid-applied-materials,2025-12-27
SOPREMA,Protected Membranes,Roofing,Membrane,https://www.soprema.us/products/market-segment/protected-membranes,2025-12-27
SOPREMA,All Protected Membrane Products,Roofing,Membrane,https://www.soprema.us/products/market-segment/protected-membranes/all-protected-membrane-products,2025-12-27
SOPREMA,Membranes,Roofing,Membrane,https://www.soprema.us/products/market-segment/foundation-waterproofing/membranes,2025-12-27
SOPREMA,Fasteners,Roofing,Fastener,https://www.soprema.us/products/market-segment/foundation-waterproofing/fasteners,2025-12-27
SOPREMA,Air Barriers,Roofing,Barrier,https://www.soprema.us/products/market-segment/walls/air-barriers,2025-12-27
SOPREMA,Adhesives,Roofing,Adhesive,https://www.soprema.us/products/market-segment/retail/adhesives,2025-12-27
SOPREMA,Sealants,Roofing,Sealant,https://www.soprema.us/products/market-segment/retail/sealants,2025-12-27
Versico,VersiFleece,Roofing,Fleece,https://www.versico.com/en/Roofing-Products/Membranes/VersiFleece,2025-12-27
Versico,"Adhesives, Primers, & Sealants",Roofing,Adhesive,https://www.versico.com/en/Roofing-Products/Other-Components/Adhesives-Primers,2025-12-27
Versico,Wider is Better - 16-foot TPO,Roofing,TPO,https://www.versico.com/en/Roofing-Products/Membranes/TPO/16-Foot-TPO,2025-12-27
Duro-Last,Fleece Back,Roofing,Fleece,https://duro-last.com/fleece-back/,2025-12-27
Duro-Last,Coatings and Materials,Roofing,Coating,https://duro-last.com/duro-shield-coatings/,2025-12-27
Duro-Last,Duro-Last ® Membrane,Roofing,Membrane,https://duro-last.com/duro-last-membrane/,2025-12-27
Duro-Last,Duro-Fleece d ®,Roofing,Fleece,https://duro-last.com/duro-fleece/,2025-12-27
Duro-Last,Duro-Fleece Plus ®,Roofing,Fleece,https://duro-last.com/duro-fleece-plus/,2025-12-27
Duro-Last,Duro-Last ® EV Fleece,Roofing,Fleece,https://duro-last.com/ev-fleece/,2025-12-27
Duro-Last,Duro-Shield ® Coatings,Roofing,Coating,https://duro-last.com/coatings/,2025-12-27
Duro-Last,Duro-TECH™ TPO,Roofing,TPO,https://duro-last.com/duro-tech-tpo/,2025-12-27
Duro-Last,Duro-TECH™ Fleece TPO,Roofing,TPO,https://duro-last.com/duro-tech-tpo-fleece/,2025-12-27
Duro-Last,Cover Board,Roofing,Cover Board,https://duro-last.com/cover-board/,2025-12-27
Duro-Last,Vapor Barrier,Roofing,Vapor,https://duro-last.com/vapor-barrier/,2025-12-27
Duro-Last,Flashings and Accessories,Roofing,Flashing,https://duro-last.com/flashing-and-accessories/,2025-12-27
Duro-Last,Fasteners and Adhesives,Roofing,Fastener,https://duro-last.com/fasteners-adhesives/,2025-12-27
Mule-Hide,Acrylic Coatings,Roofing,Coating,https://www.mulehide.com/Products/c/AcrylicCoatings,2025-12-27
Mule-Hide,Base Coatings,Roofing,Coating,https://www.mulehide.com/Products/c/AcrylicCoatings#BaseCoatings,2025-12-27
Mule-Hide,Finish Coatings,Roofing,Coating,https://www.mulehide.com/Products/c/AcrylicCoatings#FinishCoatings,2025-12-27
Mule-Hide,Primers,Roofing,Primer,https://www.mulehide.com/Products/c/AcrylicCoatings#Primer,2025-12-27
Mule-Hide,Silicone Coatings,Roofing,Coating,https://www.mulehide.com/Products/c/SiliconeCoatings,2025-12-27
Mule-Hide,Asphalt Cements & Coatings,Roofing,Coating,https://www.mulehide.com/Products/c/AsphaltCementsCoatings,2025-12-27
Mule-Hide,Asphalt Coatings,Roofing,Coating,https://www.mulehide.com/Products/c/AsphaltCementsCoatings#AsphaltCoatings,2025-12-27
Mule-Hide,Fasteners & Termination,Roofing,Fastener,https://www.mulehide.com/Products/c/FastenersTermination,2025-12-27
Mule-Hide,Cover Boards & Insulation,Roofing,Insulation,https://www.mulehide.com/Products/c/CoverBoardsInsulation,2025-12-27
Mule-Hide,Cover Boards,Roofing,Cover Board,https://www.mulehide.com/Products/c/CoverBoardsInsulation#CoverBoards,2025-12-27
Mule-Hide,Underlayments & Vapor Barriers,Roofing,Vapor,https://www.mulehide.com/Products/c/UnderlaymentsVaporBarriers,2025-12-27
Mule-Hide,Base Sheets,Roofing,Base Sheet,https://www.mulehide.com/Products/c/UnderlaymentsVaporBarriers#BaseSheets,2025-12-27
Mule-Hide,Water-Based Adhesives,Roofing,Adhesive,https://www.mulehide.com/Products/c/Adhesives#WaterBasedAdhesives,2025-12-27
Mule-Hide,Solvent-Based Adhesives,Roofing,Adhesive,https://www.mulehide.com/Products/c/Adhesives#SolventBasedAdhesives,2025-12-27
Mule-Hide,Low-VOC Adhesives,Roofing,Adhesive,https://www.mulehide.com/Products/c/Adhesives#LowVOCAdhesives,2025-12-27
Mule-Hide,Low-Rise Adhesives,Roofing,Adhesive,https://www.mulehide.com/Products/c/Adhesives#LowRiseAdhesives,2025-12-27
Mule-Hide,Mod Bit Adhesives,Roofing,Adhesive,https://www.mulehide.com/Products/c/Adhesives#ModBitAdhesives,2025-12-27
Mule-Hide,Flashings,Roofing,Flashing,https://www.mulehide.com/Products/c/Flashings,2025-12-27
Mule-Hide,Cleaners & Primers,Roofing,Primer,https://www.mulehide.com/Products/c/SinglePlyAccessories#CleanersPrimers,2025-12-27
Mule-Hide,Membrane Protection,Roofing,Membrane,https://www.mulehide.com/Products/c/SinglePlyAccessories#MembraneProtection,2025-12-27
Mule-Hide,Silicone Coatings Calculator,Roofing,Coating,https://www.mulehide.com/Resources/Silicone-Coatings-Calculator,2025-12-27
Polyglass,Modified Bitumen Membranes,Roofing,Membrane,https://polyglass.us/product-type/modified-bitumen-membranes/,2025-12-27
Polyglass,APP Membranes,Roofing,Membrane,https://polyglass.us/product-type/modified-bitumen-membranes/app-membranes/,2025-12-27
Polyglass,SBS Membranes,Roofing,Membrane,https://polyglass.us/product-type/modified-bitumen-membranes/sbs-membranes/,2025-12-27
Polyglass,"Base, Felt & Vapor Barrier Membranes",Roofing,Membrane,https://polyglass.us/product-type/modified-bitumen-membranes/base-felt-synthetic-membranes/,2025-12-27
Polyglass,Elastomeric Roof Coatings,Roofing,Coating,https://polyglass.us/product-type/elastomeric-roof-coatings/,2025-12-27
Polyglass,Fast Drying Coatings,Roofing,Coating,https://polyglass.us/product-type/elastomeric-roof-coatings/fast-drying-coatings/,2025-12-27
Polyglass,Flashing Compounds,Roofing,Flashing,https://polyglass.us/product-type/elastomeric-roof-coatings/flashing-compounds/,2025-12-27
Polyglass,Aluminum Coatings,Roofing,Coating,https://polyglass.us/product-type/asphaltic-roof-coatings/aluminum-coatings/,2025-12-27
Polyglass,Flashing Compound,Roofing,Flashing,https://polyglass.us/product-type/asphaltic-roof-coatings/flashing-compound/,2025-12-27
Polyglass,PG SFA Flashing,Roofing,Flashing,https://polyglass.us/product/pg-sfa-flashing/,2025-12-27
Polyglass,Protective Coatings,Roofing,Coating,https://polyglass.us/product-type/asphaltic-roof-coatings/protective-coatings/,2025-12-27
Polyglass,Polyglass PMMA Reinforced Flashing,Roofing,Flashing,https://polyglass.us/product/polyglass-pmma-reinforced-flashing/,2025-12-27
Polyglass,Polyglass PMMA Concrete and Wood Primer,Roofing,Primer,https://polyglass.us/product/polyglass-pmma-concrete-and-wood-primer/,2025-12-27
Polyglass,Polyglass PMMA Flashing,Roofing,Flashing,https://polyglass.us/product/polyglass-pmma-flashing/,2025-12-27
Polyglass,Polyglass PMMA Flexible Primer,Roofing,Primer,https://polyglass.us/product/polyglass-pmma-flexible-primer/,2025-12-27
Polyglass,Insulation and Coverboards,Roofing,Insulation,https://polyglass.us/product-type/insulation-and-coverboards/,2025-12-27
Polyglass,Polyglass Heavy Duty Fastener,Roofing,Fastener,https://polyglass.us/product/polyglass-heavy-duty-fastener/,2025-12-27
Polyglass,Polyglass Extra Heavy Duty Fastener,Roofing,Fastener,https://polyglass.us/product/polyglass-extra-heavy-duty-fastener/,2025-12-27
Polyglass,Air & Vapor Barriers,Roofing,Vapor,https://polyglass.us/product-type/air-and-vapor-barriers/,2025-12-27
Polyglass,Mapeproof ® ️ Liquid Membrane,Roofing,Membrane,https://polyglass.us/product/mapeproof-lm-liquid-membrane/,2025-12-27
Polyglass,Mapeproof ® ️ Sealant,Roofing,Sealant,https://polyglass.us/product/mapeproof-sealant/,2025-12-27
Polyglass,Liquid Applied Waterproofing,Roofing,Liquid Applied,https://polyglass.us/product-type/liquid-applied-waterproofing/,2025-12-27
Polyglass,Polyglass Primer EP-1010,Roofing,Primer,https://polyglass.us/product/polyglass-primer-ep-1010/,2025-12-27
Polyglass,Polyglass Primer EP-1020,Roofing,Primer,https://polyglass.us/product/polyglass-primer-ep-1020/,2025-12-27
Polyglass,Polyglass Primer PU-1050,Roofing,Primer,https://polyglass.us/product/polyglass-primer-pu-1050/,2025-12-27
Polyglass,Polyglass Primer PUc-1050,Roofing,Primer,https://polyglass.us/product/polyglass-primer-puc-1050/,2025-12-27
Polyglass,Roof Membranes,Roofing,Membrane,https://polyglass.us/category/roofing/roof-membranes/,2025-12-27
Polyglass,Modified Bitumen,Roofing,Modified Bitumen,https://polyglass.us/category/roofing/roof-membranes/modified-bitumen/,2025-12-27
Polyglass,Roof Coatings,Roofing,Coating,https://polyglass.us/category/roofing/roof-coatings/,2025-12-27
Polyglass,USG Securock ™ Brand Roof Cover Boards,Roofing,Cover Board,https://polyglass.us/product-type/securock-brand-roof-cover-boards/,2025-12-27
Polyglass,Accessories Roof Coatings,Roofing,Coating,https://polyglass.us/product-type/asphaltic-roof-coatings/accessories-roof-coatings-liquid-membranes/,2025-12-27
PAC-CLAD,Concealed Fastener Wall Panel Systems,Roofing,Fastener,https://www.pac-clad.com/products/metal-wall-panels/,2025-12-27
PAC-CLAD,Exposed Fastener Panel Systems,Roofing,Fastener,https://www.pac-clad.com/products/exposed-fastener-panels/,2025-12-27
PAC-CLAD,Insulation (polyiso),Roofing,Insulation,https://www.pac-clad.com/products/insulation/,2025-12-27
W.R. Meadows,Joint Sealants,Roofing,Sealant,https://www.wrmeadows.com/joint-sealants/,2025-12-27
W.R. Meadows,Vapor Barriers,Roofing,Vapor,https://www.wrmeadows.com/tag/vapor-barrier-projects/,2025-12-27
W.R. Meadows,Joint Sealants & Expansion Joints,Roofing,Sealant,https://www.wrmeadows.com/tag/joint-sealant-expansion-joint-projects/,2025-12-27
W.R. Meadows,Concrete Vapor Barriers,Roofing,Vapor,https://www.wrmeadows.com/concrete-vapor-barriers/,2025-12-27
W.R. Meadows,Silicone Roof Coatings,Roofing,Coating,https://www.wrmeadows.com/knightshield/,2025-12-27
W.R. Meadows,Fluid-Applied Air Barriers,Roofing,Barrier,https://www.wrmeadows.com/c/construction-products/air-barriers/fluid-applied-air-barriers/,2025-12-27
W.R. Meadows,Sheet-Applied Air Barriers,Roofing,Barrier,https://www.wrmeadows.com/c/construction-products/air-barriers/air-barriers-sheet-applied/,2025-12-27
W.R. Meadows,Flashing Membranes,Roofing,Membrane,https://www.wrmeadows.com/window-flashing-products-to-treat-rough-openings/,2025-12-27
W.R. Meadows,Vapor Permeable Air Barriers,Roofing,Vapor,https://www.wrmeadows.com/vapor-permeable-air-barriers/,2025-12-27
W.R. Meadows,Evaporation Retardants,Roofing,Vapor,https://www.wrmeadows.com/c/construction-products/construction-liquids/evaporation-retardants/,2025-12-27
W.R. Meadows,Anchoring & Bonding Adhesives,Roofing,Adhesive,https://www.wrmeadows.com/concrete-bonding-anchoring-adhesives/,2025-12-27
W.R. Meadows,Hot-Applied Joint Sealants,Roofing,Sealant,https://www.wrmeadows.com/c/construction-products/joint-sealants/hot-applied/,2025-12-27
W.R. Meadows,Cold-Applied Joint Sealants,Roofing,Sealant,https://www.wrmeadows.com/c/construction-products/joint-sealants/cold-applied/,2025-12-27
Owens Corning,Fiberglas™ Insulation,Roofing,Insulation,https://www.owenscorning.com/en-us/insulation/fiberglas,2025-12-27
Owens Corning,Rainbarrier® Continuous Insulation,Roofing,Insulation,https://www.owenscorning.com/en-us/insulation/commercial/rainbarrier,2025-12-27
Owens Corning,Insulation Solutions Suite,Roofing,Insulation,https://www.owenscorning.com/en-us/insulation/insulation-solutions-suite,2025-12-27
Owens Corning,Commercial Insulation Home,Roofing,Insulation,https://www.owenscorning.com/en-us/insulation/commercial,2025-12-27
Owens Corning,Industrial Insulation Home,Roofing,Insulation,https://www.owenscorning.com/en-us/insulation/industrial,2025-12-27
Owens Corning,Insulation Blogs,Roofing,Insulation,https://www.owenscorning.com/en-us/insulation/residential/blog,2025-12-27
Owens Corning,Residential Insulation Home,Roofing,Insulation,https://www.owenscorning.com/en-us/insulation/residential,2025-12-27
Owens Corning,XPS Insulation,Roofing,Insulation,https://www.owenscorning.com/insulation/commercial/foamular-xps,2025-12-27
Owens Corning,Mineral Wool Insulation,Roofing,Insulation,https://www.owenscorning.com/insulation/commercial/thermafiber,2025-12-27
Owens Corning,Explore Mechanical Insulation,Roofing,Insulation,https://www.owenscorning.com/insulation/commercial/mechanical,2025-12-27
Owens Corning,Residential Insulation Products,Roofing,Insulation,https://www.owenscorning.com/en-us/insulation/residential/products,2025-12-27
Owens Corning,Find an Insulation Professional,Roofing,Insulation,https://www.owenscorning.com/en-us/insulation/find-a-professional,2025-12-27
Owens Corning,Commercial Insulation Product List,Roofing,Insulation,https://www.owenscorning.com/insulation/commercial/products,2025-12-27
Owens Corning,new PINKWRAP® Air Barrier Products Wrap with Confidence,Roofing,Barrier,https://www.owenscorning.com/en-us/roofing/pinkwrap,2025-12-27
Owens Corning,Residential Insulation,Roofing,Insulation,https://www.owenscorning.com/insulation/residential,2025-12-27
Owens Corning,Commercial Insulation,Roofing,Insulation,https://www.owenscorning.com/insulation/commercial,2025-12-27
Atlas Roofing,Polyiso,Roofing,Polyiso,https://www.atlasrwi.com/,2025-12-27
Atlas Roofing,Polyiso Roof Insulation,Roofing,Insulation,http://roof.atlasrwi.com/,2025-12-27
Atlas Roofing,Continuous Wall Insulation,Roofing,Insulation,http://wall.atlasrwi.com/,2025-12-27
Atlas Roofing,EPS Building Insulation,Roofing,Insulation,https://www.atlasmoldedproducts.com/building-solutions,2025-12-27
Hunter Panels,Insulation Insights Blog,Roofing,Insulation,https://www.hunterpanels.com/blog/,2025-12-27
